title,video_code,format,subtitle_language,size,hash,image_link,torrent_name,download_link,images
BBAN279墜入女同深淵 柊留衣 神納花 岬梓,墜入女同深淵 柊留衣 神納花 岬梓,MP4,有,1.72 GB,d7bd64a306e0ebe598f0c7a10895e05a8916d491,https://b23.07pbc.cc/i/2024/09/01/sohp8o.jpg,BBAN279C.torrent,https://ww1.07pbc.cc/link.aspx?hash=D7BD64A306E0EBE598F0C7A10895E05A8916D491,
COD002說著喜歡舔鮑的男友每天從早開始舔的同居生活 藍色奈木,說著喜歡舔鮑的男友每天從早開始舔的同居生活 藍色奈木,MP4,有,1.21 GB,c556de98821208f89cf791ed8a4844a4e8491e54,https://b23.07pbc.cc/i/2024/09/01/sohs64.jpg,COD002C.torrent,https://ww1.07pbc.cc/link.aspx?hash=C556DE98821208F89CF791ED8A4844A4E8491E54,
DVDMS542近親相姦的母子追跡特別編 魔鏡另一邊是再婚的父親！,近親相姦的母子追跡特別編 魔鏡另一邊是再婚的父親！,MP4,有,1.11 GB,7ea3a46caefd2c156c86710013dac2dfefa65517,https://b23.07pbc.cc/i/2024/09/01/sohrwn.jpg,DVDMS542C.torrent,https://ww1.07pbc.cc/link.aspx?hash=7EA3A46CAEFD2C156C86710013DAC2DFEFA65517,
HAWA210逃不掉的中出不倫 比太太更年輕又可愛的人妻情人 莉奈,逃不掉的中出不倫 比太太更年輕又可愛的人妻情人 莉奈,MP4,有,1.09 GB,d54f45cecfb7e654d03990569ba7b994bb5fc2f3,https://b23.07pbc.cc/i/2024/09/01/soi23n.jpg,HAWA210C.torrent,https://ww1.07pbc.cc/link.aspx?hash=D54F45CECFB7E654D03990569BA7B994BB5FC2F3,
HND847絕對無套派女大生天使蘭醬本人希望無套中出AV出演！！ 月城蘭,絕對無套派女大生天使蘭醬本人希望無套中出AV出演！！ 月城蘭,MP4,有,1.08 GB,b87c918a8555a6fb0d2038ed10850e2cc91f898d,https://b23.07pbc.cc/i/2024/09/01/soiah0.jpg,HND847C.torrent,https://ww1.07pbc.cc/link.aspx?hash=B87C918A8555A6FB0D2038ED10850E2CC91F898D,
IPX466敏感肉棒大改造 男潮噴發special 楓可憐,敏感肉棒大改造 男潮噴發special 楓可憐,MP4,有,1.10 GB,bbe502bca0ff534d0041fa3bb383bcb9b41507f8,https://b23.07pbc.cc/i/2024/09/01/soiir4.jpg,IPX466C.torrent,https://ww1.07pbc.cc/link.aspx?hash=BBE502BCA0FF534D0041FA3BB383BCB9B41507F8,
JUFE188夜襲妻 獻身般照顧老公的漂亮人妻被隔壁住院男人睡走… 佐山愛,夜襲妻 獻身般照顧老公的漂亮人妻被隔壁住院男人睡走… 佐山愛,MP4,有,1.20 GB,effe6ab398164d245db4f20b80b41e39ee67ca05,https://b23.07pbc.cc/i/2024/09/01/soip1w.jpg,JUFE188C.torrent,https://ww1.07pbc.cc/link.aspx?hash=EFFE6AB398164D245DB4F20B80B41E39EE67CA05,
JUL231訪鄉探親三日間、與成為人妻的同學忘我愛合記錄。 向井藍,訪鄉探親三日間、與成為人妻的同學忘我愛合記錄。 向井藍,MP4,有,1.11 GB,a7103664abd3cf489fa6b79d91fb36210cf01a24,https://b23.07pbc.cc/i/2024/09/01/soit73.jpg,JUL231C.torrent,https://ww1.07pbc.cc/link.aspx?hash=A7103664ABD3CF489FA6B79D91FB36210CF01A24,
KMHRS020長身短髮帥哥女子、淫蕩欲望無法壓抑AV出道 瀧澤萊拉,長身短髮帥哥女子、淫蕩欲望無法壓抑AV出道 瀧澤萊拉,MP4,有,1.78 GB,7268071e1263932da16c8767dff5693122e59c5b,https://b23.07pbc.cc/i/2024/09/01/soitwi.jpg,KMHRS020C.torrent,https://ww1.07pbc.cc/link.aspx?hash=7268071E1263932DA16C8767DFF5693122E59C5B,
MEYD587女教師NTR 主任妻子與教頭為戶外教學去場勘… 中野七緒,女教師NTR 主任妻子與教頭為戶外教學去場勘… 中野七緒,MP4,有,1.09 GB,797f0fd569575d71927b5260df981dfd22b75672,https://b23.07pbc.cc/i/2024/09/01/soj396.jpg,MEYD587C.torrent,https://ww1.07pbc.cc/link.aspx?hash=797F0FD569575D71927B5260DF981DFD22B75672,
MIAA269玩弄射精後的敏感肉棒連射口爆！！ 喜歡肉棒掃除舔棒的女僕 久留木玲,玩弄射精後的敏感肉棒連射口爆！！ 喜歡肉棒掃除舔棒的女僕 久留木玲,MP4,有,1.11 GB,bdf5288da9518b7cd40dc0687edeff79184828e5,https://b23.07pbc.cc/i/2024/09/01/soj338.jpg,MIAA269C.torrent,https://ww1.07pbc.cc/link.aspx?hash=BDF5288DA9518B7CD40DC0687EDEFF79184828E5,
MIFD110新人Fresh＆cute！全力直球應對社團活動戀情與性愛短髮美少女AV出道,新人Fresh＆cute！全力直球應對社團活動戀情與性愛短髮美少女AV出道,MP4,有,1.08 GB,e894b0adbaa9e3f45b77d206a48891b551154c4b,https://b23.07pbc.cc/i/2024/09/01/soj6ci.jpg,MIFD110C.torrent,https://ww1.07pbc.cc/link.aspx?hash=E894B0ADBAA9E3F45B77D206A48891B551154C4B,
MMUS041絕對剎車的小惡魔挑逗姊妹 渚光希 樞木葵,絕對剎車的小惡魔挑逗姊妹 渚光希 樞木葵,MP4,有,1.22 GB,b5b0081d784a2f045fd5b889260a1a7ba32240f8,https://b23.07pbc.cc/i/2024/09/01/soj5ne.jpg,MMUS041C.torrent,https://ww1.07pbc.cc/link.aspx?hash=B5B0081D784A2F045FD5B889260A1A7BA32240F8,
NHDTB397 飛機上有癡漢 5 豪華版 中出特別篇,飛機上有癡漢 5 豪華版 中出特別篇,MP4,有,2.20 GB,85534e50b19f98e75b5ca0af8afd2bec12b2529d,https://b23.07pbc.cc/i/2024/09/01/sojed5.jpg,NHDTB397C.torrent,https://ww1.07pbc.cc/link.aspx?hash=85534E50B19F98E75B5CA0AF8AFD2BEC12B2529D,
RCTD330喜歡羅莉的時間停止大叔,喜歡羅莉的時間停止大叔,MP4,有,1.31 GB,516191b2c719a4deedd88d6d6e6c424749747f34,https://b23.07pbc.cc/i/2024/09/01/sojcia.jpg,RCTD330C.torrent,https://ww1.07pbc.cc/link.aspx?hash=516191B2C719A4DEEDD88D6D6E6C424749747F34,
SDJS063 88發顏射解禁 素人男性超特濃真正精液 綾瀨麻衣子 47歳,88發顏射解禁 素人男性超特濃真正精液 綾瀨麻衣子 47歳,MP4,有,1.30 GB,c59f9316faf4eb51a23b41f388cff6f234ac542c,https://b23.07pbc.cc/i/2024/09/01/sojb92.jpg,SDJS063C.torrent,https://ww1.07pbc.cc/link.aspx?hash=C59F9316FAF4EB51A23B41F388CFF6F234AC542C,
SSNI768超敏感苗條身軀 槙泉奈 初體驗3本番特別編,超敏感苗條身軀 槙泉奈 初體驗3本番特別編,MP4,有,1.39 GB,a6ea6534fd89990167f4f41b5d1f021d12d82464,https://b23.07pbc.cc/i/2024/09/01/soje7c.jpg,SSNI768C.torrent,https://ww1.07pbc.cc/link.aspx?hash=A6EA6534FD89990167F4F41B5D1F021D12D82464,
SSPD158 搞上打工處欲求不滿人妻的日子。 夏目彩春,搞上打工處欲求不滿人妻的日子。 夏目彩春,MP4,有,1.01 GB,9e0ee57cb8f065ce68dd1535b3b989292229123c,https://b23.07pbc.cc/i/2024/09/01/sojl72.jpg,SSPD158C.torrent,https://ww1.07pbc.cc/link.aspx?hash=9E0EE57CB8F065CE68DD1535B3B989292229123C,
URE056友田真希 飛蛾撲火,友田真希 飛蛾撲火,MP4,有,1.37 GB,a3a4a1937fe749120d71179bf6942ec27d57363d,https://b23.07pbc.cc/i/2024/09/01/sojlyn.jpg,URE056C.torrent,https://ww1.07pbc.cc/link.aspx?hash=A3A4A1937FE749120D71179BF6942EC27D57363D,
XMOM19淫口名媛妻將精液吃乾抹淨！,淫口名媛妻將精液吃乾抹淨！,MP4,有,"1,015 MB",30fe1caf3052ef1bea6c21a2470a79fbc670f775,https://b23.07pbc.cc/i/2024/09/01/sojh6b.jpg,XMOM19C.torrent,https://ww1.07pbc.cc/link.aspx?hash=30FE1CAF3052EF1BEA6C21A2470A79FBC670F775,
